Model,Accuracy,AUC,Precision,Recall,F1,MCC
Logistic Regression,0.7899686520376176,0.8667429721522488,0.7931372549019607,0.7582005623242737,0.7752755150934355,0.578838523077046
Decision Tree,0.7689207344379758,0.7678290392742834,0.7661835748792271,0.7432052483598875,0.7545195052331113,0.5365628005764108
kNN,0.7733990147783252,0.845134158868664,0.7876923076923077,0.7197750702905342,0.752203721841332,0.5461154399071331
Naive Bayes,0.7465293327362292,0.8106447759946371,0.7041564792176039,0.8097469540768509,0.7532693984306887,0.5003928272445594
Random Forest,0.8284818629646216,0.9055148932339434,0.8031914893617021,0.8491096532333646,0.8255125284738041,0.658102351956406
XGBoost,0.8423645320197044,0.9143411980497089,0.8177777777777778,0.8622305529522024,0.8394160583941606,0.6857607370769108
